{
	"version": "0.2.0",
	"configurations": [
		{
			"type": "mrs-debugger",
			"request": "launch",
			"name": "WA_CH585M_Teach",
			"cwd": "d:\\stm32_wlop_yang\\MounRiverStudio-Project\\MyProject\\WA_CH585M_Teach",
			"openOCDCfg": {
				"useLocalOpenOCD": true,
				"executable": "d:/MRS_qinheng/MounRiver_Studio2/resources/app/resources/win32/components/WCH/OpenOCD/OpenOCD/bin/openocd.exe",
				"configOptions": [
					"-f \"d:/MRS_qinheng/MounRiver_Studio2/resources/app/resources/win32/components/WCH/OpenOCD/OpenOCD/bin/wch-riscv.cfg\" -c \"chip_id CH584/5\""
				],
				"gdbport": 3333,
				"telnetport": 4444,
				"tclport": 6666,
				"host": "localhost",
				"port": 3333,
				"skipDownloadBeforeDebug": false,
				"enablePageEraser": false,
				"enableNoZeroWaitingAreaFlash": false
			},
			"gdbCfg": {
				"executable": "d:/MRS_qinheng/MounRiver_Studio2/resources/app/resources/win32/components/WCH/Toolchain/RISC-V Embedded GCC12/bin/riscv-wch-elf-gdb.exe",
				"commands": [
					"set mem inaccessible-by-default off",
					"set architecture riscv:rv32",
					"set remotetimeout unlimited",
					"set disassembler-options xw"
				],
				"options": []
			},
			"startup": {
				"initCommands": {
					"initReset": true,
					"initResetType": "init",
					"armSemihosting": false,
					"additionalCommands": []
				},
				"loadedFiles": {
					"executableFile": "d:\\stm32_wlop_yang\\MounRiverStudio-Project\\MyProject\\WA_CH585M_Teach\\obj\\WA_CH585M_Teach.elf",
					"symbolFile": "d:\\stm32_wlop_yang\\MounRiverStudio-Project\\MyProject\\WA_CH585M_Teach\\obj\\WA_CH585M_Teach.elf",
					"executableFileOffset": 0,
					"symbolFileOffset": 0
				},
				"runCommands": {
					"runReset": true,
					"runResetType": "halt",
					"additionalCommands": [],
					"setBreakAt": "handle_reset",
					"continue": true,
					"setProgramCounterAt": 0
				},
				"debugInRAM": false
			},
			"svdpath": "d:\\MRS_qinheng\\MounRiver_Studio2\\resources\\app\\resources\\win32\\components\\WCH\\SDK\\default/RISC-V/CH585/NoneOS/CH585.svd",
			"output": {
				"showDebugGDBTrace": true,
				"saveDebugOutputToFile": false,
				"showDebugOutputTimestamps": true
			}
		}
	]
}